{
  "project_info": {
    "project_number": "430103705629",
    "project_id": "auto-aid-f338e",
    "storage_bucket": "auto-aid-f338e.firebasestorage.app"
  },
  "client": [
    {
      "client_info": {
        "mobilesdk_app_id": "1:430103705629:android:385e41bb7638cec9fcaef4",
        "android_client_info": {
          "package_name": "com.project.auto_aid"
        }
      },
      "oauth_client": [],
      "api_key": [
        {
          "current_key": "AIzaSyCINozRe61B1ft3zx7fnpMwSa-8SYZ2rbc"
        }
      ],
      "services": {
        "appinvite_service": {
          "other_platform_oauth_client": []
        }
      }
    }
  ],
  "configuration_version": "1"
}